{
  "ok": true,
  "num_valid_samples": 45,
  "method": "TSAI",
  "ee_T_cam": [
    [
      -0.7050420463498679,
      0.7091635949743296,
      -0.0016457344487480485,
      -0.021040955190827028
    ],
    [
      -0.004421759169461026,
      -0.006716655231457036,
      -0.9999676667714557,
      0.04905034962493055
    ],
    [
      -0.7091517192566327,
      -0.7050119730228608,
      0.007871274977738763,
      0.07288507773953296
    ],
    [
      0.0,
      0.0,
      0.0,
      1.0
    ]
  ],
  "base_T_board_mean": [
    [
      -0.9995730647130665,
      0.028613336780421855,
      -0.00591314285454092,
      0.038518318542617815
    ],
    [
      0.028745930450600865,
      0.9993055487753648,
      -0.023708472521365986,
      -0.6261365923671927
    ],
    [
      0.005230657956440954,
      -0.02386832933108854,
      -0.9997014269632137,
      0.0009793429330490636
    ],
    [
      0.0,
      0.0,
      0.0,
      1.0
    ]
  ],
  "position_std_mm": [
    2.435539380429436,
    1.249023106000416,
    1.0553978869951568
  ],
  "rotation_error_deg_mean": 0.9548351468249502,
  "rotation_error_deg_std": 0.4251242802888192
}