{
  "ok": true,
  "num_valid_samples": 45,
  "method": "TSAI",
  "ee_T_cam": [
    [
      -0.7148124856797387,
      0.699282682984188,
      -0.006843945849366984,
      -0.022581240255114328
    ],
    [
      0.00842233971838302,
      -0.0011773561561767565,
      -0.9999638383592426,
      0.04459437011302324
    ],
    [
      -0.6992654535367965,
      -0.7148442789243801,
      -0.005048007434748314,
      0.0706968095141665
    ],
    [
      0.0,
      0.0,
      0.0,
      1.0
    ]
  ],
  "base_T_board_mean": [
    [
      -0.00016230020477681718,
      0.9998202936772386,
      -0.018956634981022197,
      -0.14800806516305115
    ],
    [
      0.9999969613317787,
      0.00011563959266323355,
      -0.002462509836254865,
      -0.623130533842585
    ],
    [
      -0.0024598751701198403,
      -0.018956977043948418,
      -0.9998172743234146,
      -0.0012684032037270703
    ],
    [
      0.0,
      0.0,
      0.0,
      1.0
    ]
  ],
  "position_std_mm": [
    1.2029205172053632,
    0.911139454389465,
    1.0099243469731054
  ],
  "rotation_error_deg_mean": 0.6395493655746394,
  "rotation_error_deg_std": 0.3527655960617347
}