{
  "ok": true,
  "num_valid_samples": 44,
  "method": "TSAI",
  "ee_T_cam": [
    [
      -0.7025291135267802,
      0.7116397390810791,
      -0.004661159500584877,
      -0.02189247168454638
    ],
    [
      0.0036913292716772017,
      -0.0029057424306506707,
      -0.9999889653136853,
      0.04797711702027112
    ],
    [
      -0.7116454304887262,
      -0.7025385672128899,
      -0.0005855279458164553,
      0.07304801884734131
    ],
    [
      0.0,
      0.0,
      0.0,
      1.0
    ]
  ],
  "base_T_board_mean": [
    [
      -0.9994403585121097,
      0.03236135486420243,
      -0.008468322652061988,
      0.03755067994408153
    ],
    [
      0.03251621409532275,
      0.9992936787858974,
      -0.01883718024162906,
      -0.6304678330520121
    ],
    [
      0.00785274462168467,
      -0.01910199596643375,
      -0.999786701327841,
      -3.654876604732836e-05
    ],
    [
      0.0,
      0.0,
      0.0,
      1.0
    ]
  ],
  "position_std_mm": [
    2.316669237345003,
    1.159515704483589,
    1.0417616892322887
  ],
  "rotation_error_deg_mean": 0.8393458770808273,
  "rotation_error_deg_std": 0.41553900569836616
}