{
  "ok": true,
  "num_valid_samples": 45,
  "method": "TSAI",
  "ee_T_cam": [
    [
      -0.7029277508302114,
      0.7111745635367129,
      -0.011104831882842225,
      -0.02614008452022704
    ],
    [
      0.019741062043849733,
      0.0039005289742892746,
      -0.9997975176720042,
      0.046482720206732296
    ],
    [
      -0.710987248536963,
      -0.7030046415579962,
      -0.016781131241731195,
      0.0651906659413776
    ],
    [
      0.0,
      0.0,
      0.0,
      1.0
    ]
  ],
  "base_T_board_mean": [
    [
      -0.9998317129817064,
      0.01757893427917568,
      -0.005246597533185071,
      0.02171709576583305
    ],
    [
      0.01756109718420934,
      0.9998399200818889,
      0.0034266713190410913,
      -0.6297611037288515
    ],
    [
      0.005305994888195498,
      0.003333958645575563,
      -0.9999803653762387,
      -0.002915562460003162
    ],
    [
      0.0,
      0.0,
      0.0,
      1.0
    ]
  ],
  "position_std_mm": [
    1.137094568112118,
    1.025496413097357,
    0.6758567003504516
  ],
  "rotation_error_deg_mean": 0.7203725816343132,
  "rotation_error_deg_std": 0.39346935249096754
}