{
  "ok": true,
  "num_valid_samples": 45,
  "method": "TSAI",
  "ee_T_cam": [
    [
      -0.7070684831110639,
      0.70713604267004,
      -0.003574541645391227,
      -0.01880222098253721
    ],
    [
      0.01256576237502216,
      0.007510147425246805,
      -0.9998928439095789,
      0.044735598897740994
    ],
    [
      -0.7070334234015772,
      -0.7070376332576693,
      -0.014195892026914958,
      0.07406657790486558
    ],
    [
      0.0,
      0.0,
      0.0,
      1.0
    ]
  ],
  "base_T_board_mean": [
    [
      -0.020019031996299994,
      -0.9995792917802838,
      -0.020987563030462397,
      0.02625569627073238
    ],
    [
      -0.9995998001434682,
      0.02043026648575849,
      -0.019566393752041944,
      -0.44337386043501215
    ],
    [
      0.019986943514959138,
      0.020587463548174367,
      -0.9995882544495921,
      -0.007054541510139725
    ],
    [
      0.0,
      0.0,
      0.0,
      1.0
    ]
  ],
  "position_std_mm": [
    2.0150691942679284,
    1.132541086917188,
    1.0729958241743938
  ],
  "rotation_error_deg_mean": 0.8342139693998375,
  "rotation_error_deg_std": 0.40185885303823926
}