{
  "ok": true,
  "num_valid_samples": 45,
  "method": "TSAI",
  "ee_T_cam": [
    [
      -0.7054208606916816,
      0.7086273220870347,
      -0.01512374598983024,
      -0.021742967740367658
    ],
    [
      0.008367197614031763,
      -0.013010422317309978,
      -0.9998803522998205,
      0.04754448439934929
    ],
    [
      -0.7087393027800101,
      -0.7054630020794026,
      0.0032485984704346826,
      0.07091288289514039
    ],
    [
      0.0,
      0.0,
      0.0,
      1.0
    ]
  ],
  "base_T_board_mean": [
    [
      -0.99973210723654,
      0.022545490565265752,
      -0.005235896824734798,
      0.03277571219837129
    ],
    [
      0.02262241388133391,
      0.9996296016698248,
      -0.015128974043486981,
      -0.6304955746540105
    ],
    [
      0.004892867315734406,
      -0.015243369725831318,
      -0.9998718415521222,
      0.00015675122862577885
    ],
    [
      0.0,
      0.0,
      0.0,
      1.0
    ]
  ],
  "position_std_mm": [
    2.1122920549974116,
    1.1329145575265023,
    0.94364345494958
  ],
  "rotation_error_deg_mean": 0.8206121745384668,
  "rotation_error_deg_std": 0.4503961886084752
}