{
  "ok": true,
  "num_valid_samples": 45,
  "method": "TSAI",
  "ee_T_cam": [
    [
      -0.695702014071055,
      0.7181906258118402,
      0.01417507014003272,
      -0.025606827798016152
    ],
    [
      -0.008395761299290594,
      0.011602307312831517,
      -0.9998974435697013,
      0.048265514185294914
    ],
    [
      -0.7182814342649285,
      -0.6957496758612368,
      -0.002041991503703766,
      0.06630543927917353
    ],
    [
      0.0,
      0.0,
      0.0,
      1.0
    ]
  ],
  "base_T_board_mean": [
    [
      -0.9992004236648937,
      0.03974488850287601,
      -0.004342486130186007,
      0.018168935740114592
    ],
    [
      0.039757084653574803,
      0.9992055647771205,
      -0.0027592640837635907,
      -0.6307719900695206
    ],
    [
      0.0042293696628902255,
      -0.002929702430184672,
      -0.9999867645503742,
      -0.0015303291531786247
    ],
    [
      0.0,
      0.0,
      0.0,
      1.0
    ]
  ],
  "position_std_mm": [
    1.3480077485512865,
    1.0291900237444924,
    0.7886395253057574
  ],
  "rotation_error_deg_mean": 0.6536491791910956,
  "rotation_error_deg_std": 0.39574302790529736
}